path	kind	lines
crates/agent-docs/src/session.rs	impl	2930
crates/agent-docs/tests/integration/user_config.rs	test	3468
crates/agent-hook/src/dsh_policy.rs	impl	5961
crates/agent-hook/src/evaluator.rs	impl	2208
crates/agent-hook/src/finish_line.rs	impl	5181
crates/agent-hook/src/finish_line/acceptance.rs	impl	2106
crates/agent-hook/src/setup.rs	impl	2099
crates/agent-hook/src/workspace_lease.rs	impl	2389
crates/agent-hook/tests/dsh_policy.rs	test	5130
crates/agent-hook/tests/setup.rs	test	3033
crates/agent-out/src/lib.rs	impl	2430
crates/agent-session/src/activity.rs	impl	5835
crates/agent-session/src/activity.rs	test	4319
crates/agent-session/src/codex_app_server.rs	impl	5524
crates/agent-session/src/codex_app_server.rs	test	8821
crates/agent-session/src/coordination/mod.rs	impl	2018
crates/agent-session/src/lib.rs	impl	14034
crates/agent-session/src/lib.rs	test	6472
crates/agent-session/src/provider_history.rs	impl	3079
crates/agent-session/src/retitle.rs	impl	3408
crates/agent-session/src/retitle_v3.rs	impl	3634
crates/agent-session/src/retitle_v3.rs	test	3648
crates/agent-session/src/serve.rs	impl	12479
crates/agent-session/src/serve.rs	test	26353
crates/agent-session/tests/integration/cli.rs	test	13488
crates/agent-session/tests/integration/coordination.rs	test	5408
crates/agent-workflow-primitives/src/heuristic_inbox.rs	impl	4085
crates/agent-workflow-primitives/src/repo_retro.rs	impl	2487
crates/agent-workflow-primitives/src/review_specialists.rs	impl	2736
crates/agent-workflow-primitives/src/test_first_evidence.rs	impl	2156
crates/agent-workflow-primitives/tests/integration/cli.rs	test	3672
crates/codex-cli/src/agent/capsule.rs	impl	2626
crates/codex-cli/tests/integration/execution_capsule.rs	test	3083
crates/forge-cli/src/cli.rs	impl	3064
crates/forge-cli/src/ops/inbox.rs	impl	2371
crates/forge-cli/src/ops/pr_review.rs	impl	3930
crates/forge-cli/src/ops/repo_bootstrap.rs	impl	2426
crates/forge-cli/tests/integration/pr_deliver_chain.rs	test	3114
crates/forge-cli/tests/integration/pr_merge.rs	test	3023
crates/forge-cli/tests/integration/pr_pending_review.rs	test	3433
crates/forge-cli/tests/integration/pr_review.rs	test	4840
crates/git-cli/src/worktree/dirty_checkout_adoption.rs	impl	8391
crates/git-cli/src/worktree/dirty_checkout_adoption.rs	test	6734
crates/git-cli/tests/integration/dirty_checkout_adoption.rs	test	3158
crates/semantic-commit/src/commit.rs	impl	2149
